{
  "train_loss": [
    7.53677203956604
  ],
  "train_acc": [
    0.10232
  ],
  "test_loss": [
    2.427295048522949
  ],
  "test_acc": [
    0.1
  ]
}